;;rgdp;rgdpGrowth;pub_exp
Norway;2013;104.909;;103.626
Norway;2014;107.058;0.02048442;106.413
Norway;2015;109.046;0.018569374;108.965
Norway;2016;110.316;0.011646461;111.505
Norway;2017;113.034;0.024638312;113.608
Norway;2018;113.971;0.008289541;114.284
Norway;2019;115.252;0.011239701;115.564
Norway;2020;113.779;-0.012780689;114.965
Norway;2021;118.214;0.038979073;120.734
Norway;2022;122.089;0.032779535;120.842
